{
	"credit": "Made by XeKr with Blockbench",
	"parent": "minecraft:block/template_redstone_torch",
	"textures": {
		"torch": "block/redstone_torch"
	},
	"elements": [
		{
			"from": [7, 0, 7],
			"to": [9, 10, 9],
			"shade": false,
			"faces": {
				"north": {"uv": [7, 6, 9, 16], "texture": "#torch"},
				"east": {"uv": [7, 6, 9, 16], "texture": "#torch"},
				"south": {"uv": [7, 6, 9, 16], "texture": "#torch"},
				"west": {"uv": [7, 6, 9, 16], "texture": "#torch"},
				"up": {"uv": [7, 6, 9, 8], "texture": "#torch"},
				"down": {"uv": [7, 13, 9, 15], "texture": "#torch", "cullface": "down"}
			}
		},
		{
			"name": "cube_outline",
			"from": [9.5, 10.5, 9.5],
			"to": [6.5, 7.5, 6.5],
			"shade": false,
			"faces": {
				"north": {"uv": [6, 5, 7, 6], "rotation": 180, "texture": "#torch"},
				"east": {"uv": [6, 5, 7, 6], "rotation": 180, "texture": "#torch"},
				"south": {"uv": [6, 5, 7, 6], "rotation": 180, "texture": "#torch"},
				"west": {"uv": [6, 5, 7, 6], "rotation": 180, "texture": "#torch"},
				"up": {"uv": [6, 5, 7, 6], "rotation": 180, "texture": "#torch"},
				"down": {"uv": [6, 5, 7, 6], "rotation": 180, "texture": "#torch"}
			}
		}
	]
}